{"stats":{"minecraft:picked_up":{"minecraft:wheat_seeds":1},"minecraft:custom":{"minecraft:jump":18,"minecraft:time_since_rest":10105,"minecraft:deaths":1,"minecraft:damage_taken":260,"minecraft:leave_game":2,"minecraft:play_time":19519,"minecraft:time_since_death":0,"minecraft:walk_on_water_one_cm":1410,"minecraft:walk_one_cm":1428,"minecraft:total_world_time":19519,"minecraft:walk_under_water_one_cm":115,"minecraft:fall_one_cm":209,"minecraft:fly_one_cm":706},"minecraft:mined":{"minecraft:grass":1},"minecraft:killed_by":{"minecraft:zombie":1}},"DataVersion":3465}